exp_id,site_id,mutation,signal_col,spatial_radius,future_window_frames,jump_threshold,n_nodes,n_spatial_edges,n_temporal_edges,n_tracks,n_frames,n_exposed_nodes,n_unexposed_nodes,future_jump_rate_if_neighbor_jumps_now,future_jump_rate_if_no_neighbor_jumps_now,risk_difference,relative_risk,Conditions,group_site_id,comparison_group
1,1,WT,ERKKTR_ratio,60.0,3,0.036542799999999986,356632,2389504,354834,1798,258,146620,210012,0.13145546310189607,0.07486715044854579,0.05658831265335028,1.7558496926130764,GF_deprived_48h_before_aquisition_FN_(0.25ug/cm2)_coated(air-dried)_96w_plate_25k_per_well_seeded,1,WT
1,2,WT,ERKKTR_ratio,60.0,3,0.033298499999999946,341603,2188412,340009,1594,258,133686,207917,0.12466526038627829,0.0704848569381051,0.05418040344817318,1.7686814700603086,GF_deprived_48h_before_aquisition_FN_(0.25ug/cm2)_coated(air-dried)_96w_plate_25k_per_well_seeded,2,WT
1,3,WT,ERKKTR_ratio,60.0,3,0.03583670000000001,356470,2385276,354785,1685,258,146010,210460,0.11888911718375454,0.07301149862206595,0.04587761856168859,1.6283615516395276,GF_deprived_48h_before_aquisition_FN_(0.25ug/cm2)_coated(air-dried)_96w_plate_25k_per_well_seeded,3,WT
1,4,WT,ERKKTR_ratio,60.0,3,0.03862000000000001,378022,2702454,376126,1896,258,161340,216682,0.1296144787405479,0.06890743116640977,0.06070704757413814,1.8809942055093027,GF_deprived_48h_before_aquisition_FN_(0.25ug/cm2)_coated(air-dried)_96w_plate_25k_per_well_seeded,4,WT
1,5,AKT1_E17K,ERKKTR_ratio,60.0,3,0.022628000000000082,448311,3863383,446302,2009,258,224573,223738,0.15527245038361692,0.09638952703608686,0.058882923347530064,1.6108850739093796,GF_deprived_48h_before_aquisition_FN_(0.25ug/cm2)_coated(air-dried)_96w_plate_25k_per_well_seeded,5,AKT1_E17K
1,6,AKT1_E17K,ERKKTR_ratio,60.0,3,0.02156900000000004,440567,3882605,438579,1988,258,220059,220508,0.16684161974743136,0.08374752843434252,0.08309409131308884,1.9921975354560348,GF_deprived_48h_before_aquisition_FN_(0.25ug/cm2)_coated(air-dried)_96w_plate_25k_per_well_seeded,6,AKT1_E17K
1,7,AKT1_E17K,ERKKTR_ratio,60.0,3,0.02336870000000001,382261,2803597,380504,1757,258,158431,223830,0.17165832444407975,0.07336818120895322,0.09829014323512653,2.339683519688124,GF_deprived_48h_before_aquisition_FN_(0.25ug/cm2)_coated(air-dried)_96w_plate_25k_per_well_seeded,7,AKT1_E17K
1,8,AKT1_E17K,ERKKTR_ratio,60.0,3,0.024454000000000087,427664,3530879,425661,2003,258,193422,234242,0.16359049125745778,0.07845732191494266,0.08513316934251512,2.0850889026623913,GF_deprived_48h_before_aquisition_FN_(0.25ug/cm2)_coated(air-dried)_96w_plate_25k_per_well_seeded,8,AKT1_E17K
1,9,PIK3CA_E545K,ERKKTR_ratio,60.0,3,0.04605350000000008,326279,1995173,324347,1932,258,126377,199902,0.1399067868362123,0.08602215085391841,0.053884635982293885,1.6264041929595554,GF_deprived_48h_before_aquisition_FN_(0.25ug/cm2)_coated(air-dried)_96w_plate_25k_per_well_seeded,9,PIK3CA_E545K
1,10,PIK3CA_E545K,ERKKTR_ratio,60.0,3,0.050957500000000024,344904,2269778,342907,1997,258,124741,220163,0.1461828909500485,0.08323832796609784,0.06294456298395065,1.756196868942242,GF_deprived_48h_before_aquisition_FN_(0.25ug/cm2)_coated(air-dried)_96w_plate_25k_per_well_seeded,10,PIK3CA_E545K
1,11,PIK3CA_E545K,ERKKTR_ratio,60.0,3,0.04979,343420,2219451,341145,2275,258,135184,208236,0.1368357202035744,0.09022455291112008,0.04661116729245432,1.516612892926949,GF_deprived_48h_before_aquisition_FN_(0.25ug/cm2)_coated(air-dried)_96w_plate_25k_per_well_seeded,11,PIK3CA_E545K
1,12,PIK3CA_E545K,ERKKTR_ratio,60.0,3,0.04645789999999997,316181,1910722,314220,1961,258,113126,203055,0.1465622403337871,0.08591268375563271,0.06064955657815438,1.7059441508155424,GF_deprived_48h_before_aquisition_FN_(0.25ug/cm2)_coated(air-dried)_96w_plate_25k_per_well_seeded,12,PIK3CA_E545K
1,13,PIK3CA_H1047R,ERKKTR_ratio,60.0,3,0.11529549999999998,175850,551401,174791,1059,258,33713,142137,0.19490997538041704,0.06854654312388751,0.12636343225652952,2.843469072220706,GF_deprived_48h_before_aquisition_FN_(0.25ug/cm2)_coated(air-dried)_96w_plate_25k_per_well_seeded,13,PIK3CA_H1047R
1,14,PIK3CA_H1047R,ERKKTR_ratio,60.0,3,0.08835309999999993,189333,683817,188190,1143,258,45419,143914,0.16724278385697616,0.07976291396250539,0.08747986989447078,2.0967486711379797,GF_deprived_48h_before_aquisition_FN_(0.25ug/cm2)_coated(air-dried)_96w_plate_25k_per_well_seeded,14,PIK3CA_H1047R
1,15,PIK3CA_H1047R,ERKKTR_ratio,60.0,3,0.11957199999999994,215976,862525,214369,1607,258,52547,163429,0.1766989552210402,0.07148058178169113,0.10521837343934907,2.471985409417855,GF_deprived_48h_before_aquisition_FN_(0.25ug/cm2)_coated(air-dried)_96w_plate_25k_per_well_seeded,15,PIK3CA_H1047R
1,16,PIK3CA_H1047R,ERKKTR_ratio,60.0,3,0.1108510000000001,170620,514753,169642,978,258,30928,139692,0.19865494050698396,0.06824299172465137,0.1304119487823326,2.9109940154517577,GF_deprived_48h_before_aquisition_FN_(0.25ug/cm2)_coated(air-dried)_96w_plate_25k_per_well_seeded,16,PIK3CA_H1047R
1,17,PTEN_del,ERKKTR_ratio,60.0,3,0.07408930000000005,211139,830047,210145,994,258,56325,154814,0.12740346205059921,0.08098750758975286,0.046415954460846356,1.5731248663185091,GF_deprived_48h_before_aquisition_FN_(0.25ug/cm2)_coated(air-dried)_96w_plate_25k_per_well_seeded,17,PTEN_del
1,18,PTEN_del,ERKKTR_ratio,60.0,3,0.05923999999999996,245063,1156001,243920,1143,258,75399,169664,0.1265799281157575,0.0764275273481705,0.050152400767586994,1.6562086005885617,GF_deprived_48h_before_aquisition_FN_(0.25ug/cm2)_coated(air-dried)_96w_plate_25k_per_well_seeded,18,PTEN_del
1,19,PTEN_del,ERKKTR_ratio,60.0,3,0.047488799999999984,253786,1194606,252619,1167,258,80182,173604,0.12982963757451796,0.07623096242022073,0.053598675154297226,1.703108992102661,GF_deprived_48h_before_aquisition_FN_(0.25ug/cm2)_coated(air-dried)_96w_plate_25k_per_well_seeded,19,PTEN_del
1,20,PTEN_del,ERKKTR_ratio,60.0,3,0.06906999999999996,251978,1181745,250753,1225,258,76680,175298,0.13054251434533123,0.07793585779643807,0.05260665654889317,1.6749993909901826,GF_deprived_48h_before_aquisition_FN_(0.25ug/cm2)_coated(air-dried)_96w_plate_25k_per_well_seeded,20,PTEN_del
2,1,WT,ERKKTR_ratio,60.0,3,0.03197999999999999,380961,2709809,379173,1788,258,165811,215150,0.12509423379631027,0.07446432721357192,0.050629906582738346,1.6799216279430844,GF_deprived_48h_before_aquisition_FN_(0.25ug/cm2)_coated(air-dried)_96w_plate_25k_per_well_seeded,1,WT
2,2,WT,ERKKTR_ratio,60.0,3,0.03012999999999999,401211,3043438,399305,1906,258,183541,217670,0.1293443971646662,0.0791289566775394,0.0502154404871268,1.634602585394385,GF_deprived_48h_before_aquisition_FN_(0.25ug/cm2)_coated(air-dried)_96w_plate_25k_per_well_seeded,2,WT
2,3,WT,ERKKTR_ratio,60.0,3,0.030899999999999928,357176,2406605,355512,1664,258,146343,210833,0.13032396493170156,0.07368391096270507,0.05664005396899649,1.7686895718342734,GF_deprived_48h_before_aquisition_FN_(0.25ug/cm2)_coated(air-dried)_96w_plate_25k_per_well_seeded,3,WT
2,4,WT,ERKKTR_ratio,60.0,3,0.027049400000000057,399785,3017124,397949,1836,258,180459,219326,0.13037864556492057,0.08037806735179595,0.05000057821312462,1.6220674353152063,GF_deprived_48h_before_aquisition_FN_(0.25ug/cm2)_coated(air-dried)_96w_plate_25k_per_well_seeded,4,WT
2,7,AKT1_E17K,ERKKTR_ratio,60.0,3,0.016656299999999995,394565,3036790,392807,1758,258,192470,202095,0.1579934535252247,0.10559390385709691,0.05239954966812779,1.4962365037572767,GF_deprived_48h_before_aquisition_FN_(0.25ug/cm2)_coated(air-dried)_96w_plate_25k_per_well_seeded,7,AKT1_E17K
2,8,AKT1_E17K,ERKKTR_ratio,60.0,3,0.016472000000000042,300301,1691155,299005,1296,258,120157,180144,0.14739049743252577,0.12104760635935696,0.02634289107316881,1.2176242212916135,GF_deprived_48h_before_aquisition_FN_(0.25ug/cm2)_coated(air-dried)_96w_plate_25k_per_well_seeded,8,AKT1_E17K
2,9,PIK3CA_E545K,ERKKTR_ratio,60.0,3,0.047152699999999985,332850,2094248,330904,1946,258,130942,201908,0.1381756808357899,0.08789151494740179,0.05028416588838812,1.572116272184868,GF_deprived_48h_before_aquisition_FN_(0.25ug/cm2)_coated(air-dried)_96w_plate_25k_per_well_seeded,9,PIK3CA_E545K
2,10,PIK3CA_E545K,ERKKTR_ratio,60.0,3,0.044649999999999856,392635,3041442,390268,2367,258,173626,219009,0.1646297213550966,0.07631649840874119,0.08831322294635541,2.157196999177836,GF_deprived_48h_before_aquisition_FN_(0.25ug/cm2)_coated(air-dried)_96w_plate_25k_per_well_seeded,10,PIK3CA_E545K
2,11,PIK3CA_E545K,ERKKTR_ratio,60.0,3,0.04742270000000015,336109,2126315,334237,1872,258,126698,209411,0.15087846690555495,0.08050197936116059,0.07037648754439436,1.8742205856661032,GF_deprived_48h_before_aquisition_FN_(0.25ug/cm2)_coated(air-dried)_96w_plate_25k_per_well_seeded,11,PIK3CA_E545K
2,12,PIK3CA_E545K,ERKKTR_ratio,60.0,3,0.04755990000000004,340721,2177654,338842,1879,258,128206,212515,0.15130337113707626,0.08098251888102016,0.0703208522560561,1.8683460730503056,GF_deprived_48h_before_aquisition_FN_(0.25ug/cm2)_coated(air-dried)_96w_plate_25k_per_well_seeded,12,PIK3CA_E545K
2,13,PIK3CA_H1047R,ERKKTR_ratio,60.0,3,0.07888540000000006,221293,899122,219917,1376,258,57491,163802,0.169452609973735,0.07766693935360984,0.09178567062012517,2.1817856012354775,GF_deprived_48h_before_aquisition_FN_(0.25ug/cm2)_coated(air-dried)_96w_plate_25k_per_well_seeded,13,PIK3CA_H1047R
2,14,PIK3CA_H1047R,ERKKTR_ratio,60.0,3,0.12404349999999997,188783,655592,187460,1323,258,38494,150289,0.18550943004104536,0.07051081582817106,0.1149986142128743,2.630935805552389,GF_deprived_48h_before_aquisition_FN_(0.25ug/cm2)_coated(air-dried)_96w_plate_25k_per_well_seeded,14,PIK3CA_H1047R
2,15,PIK3CA_H1047R,ERKKTR_ratio,60.0,3,0.1084660000000001,190699,669697,189406,1293,258,42056,148643,0.1869649990488872,0.07154726425058698,0.11541773479830021,2.6131676872236707,GF_deprived_48h_before_aquisition_FN_(0.25ug/cm2)_coated(air-dried)_96w_plate_25k_per_well_seeded,15,PIK3CA_H1047R
2,16,PIK3CA_H1047R,ERKKTR_ratio,60.0,3,0.1470878,158618,453272,157405,1213,258,26354,132264,0.21139106018061773,0.06784915018447953,0.1435419099961382,3.115603653190241,GF_deprived_48h_before_aquisition_FN_(0.25ug/cm2)_coated(air-dried)_96w_plate_25k_per_well_seeded,16,PIK3CA_H1047R
2,17,PTEN_del,ERKKTR_ratio,60.0,3,0.06929150000000006,259141,1285857,257947,1194,258,84177,174964,0.12113760290815781,0.07847328593310623,0.042664316975051575,1.5436795014729006,GF_deprived_48h_before_aquisition_FN_(0.25ug/cm2)_coated(air-dried)_96w_plate_25k_per_well_seeded,17,PTEN_del
2,18,PTEN_del,ERKKTR_ratio,60.0,3,0.0762384999999999,230317,997983,229197,1120,258,68553,161764,0.12120549064227677,0.08338072747953809,0.03782476316273868,1.4536391598648621,GF_deprived_48h_before_aquisition_FN_(0.25ug/cm2)_coated(air-dried)_96w_plate_25k_per_well_seeded,18,PTEN_del
2,19,PTEN_del,ERKKTR_ratio,60.0,3,0.08306400000000014,243875,1113859,242686,1189,258,72269,171606,0.12680402385531833,0.08362761208815543,0.0431764117671629,1.5162937298944852,GF_deprived_48h_before_aquisition_FN_(0.25ug/cm2)_coated(air-dried)_96w_plate_25k_per_well_seeded,19,PTEN_del
2,20,PTEN_del,ERKKTR_ratio,60.0,3,0.059350000000000014,237391,1072061,236248,1143,258,72793,164598,0.12428392839970877,0.07738854664090694,0.04689538175880183,1.6059731548700944,GF_deprived_48h_before_aquisition_FN_(0.25ug/cm2)_coated(air-dried)_96w_plate_25k_per_well_seeded,20,PTEN_del
3,1,WT,ERKKTR_ratio,60.0,3,0.06900070000000004,304919,1747102,303385,1534,258,108562,196357,0.11822737237707485,0.07490947610729437,0.043317896269780484,1.578269913511815,GF_deprived_48h_before_aquisition_FN_(0.25ug/cm2)_coated(air-dried)_96w_plate_25k_per_well_seeded,1,WT
3,2,WT,ERKKTR_ratio,60.0,3,0.058451399999999924,320890,1953178,319269,1621,258,118586,202304,0.1218609279341575,0.07055718127174945,0.05130374666240804,1.7271229623645645,GF_deprived_48h_before_aquisition_FN_(0.25ug/cm2)_coated(air-dried)_96w_plate_25k_per_well_seeded,2,WT
3,3,WT,ERKKTR_ratio,60.0,3,0.07895200000000008,281357,1469571,279965,1392,258,88865,192492,0.1247285207899623,0.07284458574901814,0.05188393504094416,1.7122552006776082,GF_deprived_48h_before_aquisition_FN_(0.25ug/cm2)_coated(air-dried)_96w_plate_25k_per_well_seeded,3,WT
3,4,WT,ERKKTR_ratio,60.0,3,0.06309699999999996,267122,1340888,265828,1294,258,85119,182003,0.12247559299333874,0.07039993846255281,0.05207565453078593,1.7397116484481878,GF_deprived_48h_before_aquisition_FN_(0.25ug/cm2)_coated(air-dried)_96w_plate_25k_per_well_seeded,4,WT
3,5,AKT1_E17K,ERKKTR_ratio,60.0,3,0.01956199999999997,465350,4160606,463282,2068,258,235111,230239,0.15285545976155943,0.09353324154465577,0.05932221821690366,1.6342367401923232,GF_deprived_48h_before_aquisition_FN_(0.25ug/cm2)_coated(air-dried)_96w_plate_25k_per_well_seeded,5,AKT1_E17K
3,6,AKT1_E17K,ERKKTR_ratio,60.0,3,0.020562999999999998,445467,3845735,443432,2035,258,229454,216013,0.14470002702066645,0.10107262062931398,0.04362740639135247,1.4316441596122942,GF_deprived_48h_before_aquisition_FN_(0.25ug/cm2)_coated(air-dried)_96w_plate_25k_per_well_seeded,6,AKT1_E17K
3,7,AKT1_E17K,ERKKTR_ratio,60.0,3,0.018207800000000034,328835,2067914,327358,1477,258,138047,190788,0.148992734358588,0.10413652850284084,0.044856205855747164,1.4307442018726741,GF_deprived_48h_before_aquisition_FN_(0.25ug/cm2)_coated(air-dried)_96w_plate_25k_per_well_seeded,7,AKT1_E17K
3,8,AKT1_E17K,ERKKTR_ratio,60.0,3,0.018011,334088,2114751,332584,1504,258,142002,192086,0.14608949169730004,0.10706142040544339,0.03902807129185665,1.3645390762055714,GF_deprived_48h_before_aquisition_FN_(0.25ug/cm2)_coated(air-dried)_96w_plate_25k_per_well_seeded,8,AKT1_E17K
3,9,PIK3CA_E545K,ERKKTR_ratio,60.0,3,0.05024720000000003,364222,2499917,362100,2122,258,148476,215746,0.13582666558905143,0.08556357939428773,0.050263086194763704,1.5874355251449344,GF_deprived_48h_before_aquisition_FN_(0.25ug/cm2)_coated(air-dried)_96w_plate_25k_per_well_seeded,9,PIK3CA_E545K
3,10,PIK3CA_E545K,ERKKTR_ratio,60.0,3,0.05052000000000012,327947,2049681,326095,1852,258,123250,204697,0.13901014198782963,0.08126157198200266,0.05774857000582696,1.7106504168860623,GF_deprived_48h_before_aquisition_FN_(0.25ug/cm2)_coated(air-dried)_96w_plate_25k_per_well_seeded,10,PIK3CA_E545K
3,11,PIK3CA_E545K,ERKKTR_ratio,60.0,3,0.054219700000000114,316839,1881666,314974,1865,258,115455,201384,0.13360183621324326,0.08623823143844596,0.0473636047747973,1.5492181829888743,GF_deprived_48h_before_aquisition_FN_(0.25ug/cm2)_coated(air-dried)_96w_plate_25k_per_well_seeded,11,PIK3CA_E545K
3,12,PIK3CA_E545K,ERKKTR_ratio,60.0,3,0.05072999999999994,324249,1999427,322342,1907,258,121498,202751,0.13619154224760902,0.08356555578024276,0.052625986467366256,1.6297569133119858,GF_deprived_48h_before_aquisition_FN_(0.25ug/cm2)_coated(air-dried)_96w_plate_25k_per_well_seeded,12,PIK3CA_E545K
3,13,PIK3CA_H1047R,ERKKTR_ratio,60.0,3,0.15088900000000008,194387,686917,192867,1520,258,35945,158442,0.23018500486854918,0.06050794612539604,0.16967705874315314,3.804211175694448,GF_deprived_48h_before_aquisition_FN_(0.25ug/cm2)_coated(air-dried)_96w_plate_25k_per_well_seeded,13,PIK3CA_H1047R
3,14,PIK3CA_H1047R,ERKKTR_ratio,60.0,3,0.15065000000000017,198665,718054,197279,1386,258,38323,160342,0.2174934112673851,0.06095720397650023,0.15653620729088488,3.567968953287811,GF_deprived_48h_before_aquisition_FN_(0.25ug/cm2)_coated(air-dried)_96w_plate_25k_per_well_seeded,14,PIK3CA_H1047R
3,15,PIK3CA_H1047R,ERKKTR_ratio,60.0,3,0.14723799999999987,200187,735101,198651,1536,258,38353,161834,0.2189398482517665,0.0599379611206545,0.159001887131112,3.6527743713377707,GF_deprived_48h_before_aquisition_FN_(0.25ug/cm2)_coated(air-dried)_96w_plate_25k_per_well_seeded,15,PIK3CA_H1047R
3,16,PIK3CA_H1047R,ERKKTR_ratio,60.0,3,0.14810800000000016,187416,642612,185787,1629,258,34317,153099,0.22595215199463822,0.06170517116375678,0.16424698083088143,3.6618025318330814,GF_deprived_48h_before_aquisition_FN_(0.25ug/cm2)_coated(air-dried)_96w_plate_25k_per_well_seeded,16,PIK3CA_H1047R
3,17,PTEN_del,ERKKTR_ratio,60.0,3,0.07977679999999998,129534,340112,128912,622,258,24485,105049,0.1323259138247907,0.08437967043950918,0.047946243385281515,1.5682203205528473,GF_deprived_48h_before_aquisition_FN_(0.25ug/cm2)_coated(air-dried)_96w_plate_25k_per_well_seeded,17,PTEN_del
3,18,PTEN_del,ERKKTR_ratio,60.0,3,0.0748899999999999,160202,513346,159360,842,258,36311,123891,0.12778496874225442,0.08287123358436045,0.04491373515789397,1.5419701531554146,GF_deprived_48h_before_aquisition_FN_(0.25ug/cm2)_coated(air-dried)_96w_plate_25k_per_well_seeded,18,PTEN_del
3,19,PTEN_del,ERKKTR_ratio,60.0,3,0.07738199999999995,142000,398728,141308,692,258,28679,113321,0.13124585933958646,0.08475922379788389,0.04648663554170257,1.5484551823239225,GF_deprived_48h_before_aquisition_FN_(0.25ug/cm2)_coated(air-dried)_96w_plate_25k_per_well_seeded,19,PTEN_del
3,20,PTEN_del,ERKKTR_ratio,60.0,3,0.08503510000000004,136999,352872,136355,644,258,25088,111911,0.1290656887755102,0.08298558676090823,0.04608010201460197,1.5552783780075505,GF_deprived_48h_before_aquisition_FN_(0.25ug/cm2)_coated(air-dried)_96w_plate_25k_per_well_seeded,20,PTEN_del
4,1,WT,ERKKTR_ratio,60.0,3,0.05498939999999993,240965,1069377,239737,1228,258,71285,169680,0.12691309532159642,0.06998467703913248,0.056928418282463936,1.8134411801405037,GF_deprived_48h_before_aquisition_FN_(0.25ug/cm2)_coated(air-dried)_96w_plate_25k_per_well_seeded,1,WT
4,2,WT,ERKKTR_ratio,60.0,3,0.06031280000000009,255683,1229076,254295,1388,258,78399,177284,0.12294799678567328,0.07089754292547551,0.05205045386019777,1.7341644253442041,GF_deprived_48h_before_aquisition_FN_(0.25ug/cm2)_coated(air-dried)_96w_plate_25k_per_well_seeded,2,WT
4,3,WT,ERKKTR_ratio,60.0,3,0.049695000000000045,315834,1885004,314099,1735,258,115723,200111,0.12656948056998177,0.0697163074493656,0.05685317312061616,1.815493178004417,GF_deprived_48h_before_aquisition_FN_(0.25ug/cm2)_coated(air-dried)_96w_plate_25k_per_well_seeded,3,WT
4,4,WT,ERKKTR_ratio,60.0,3,0.06561679999999995,270715,1379532,269232,1483,258,86202,184513,0.13135426092202038,0.068737704118409,0.06261655680361138,1.910949203304009,GF_deprived_48h_before_aquisition_FN_(0.25ug/cm2)_coated(air-dried)_96w_plate_25k_per_well_seeded,4,WT
4,5,AKT1_E17K,ERKKTR_ratio,60.0,3,0.01957699999999999,378095,2725492,376186,1909,258,179344,198751,0.1473425372468552,0.11204975069307828,0.03529278655377692,1.314974253271204,GF_deprived_48h_before_aquisition_FN_(0.25ug/cm2)_coated(air-dried)_96w_plate_25k_per_well_seeded,5,AKT1_E17K
4,6,AKT1_E17K,ERKKTR_ratio,60.0,3,0.019185200000000024,402064,3127080,400036,2028,258,201068,200996,0.1475520719358625,0.11100220899918406,0.036549862936678446,1.3292714916776756,GF_deprived_48h_before_aquisition_FN_(0.25ug/cm2)_coated(air-dried)_96w_plate_25k_per_well_seeded,6,AKT1_E17K
4,7,AKT1_E17K,ERKKTR_ratio,60.0,3,0.019723999999999964,397064,3059891,395134,1930,258,194993,202071,0.1447180155185058,0.11291575733281867,0.03180225818568713,1.281645883062628,GF_deprived_48h_before_aquisition_FN_(0.25ug/cm2)_coated(air-dried)_96w_plate_25k_per_well_seeded,7,AKT1_E17K
4,8,AKT1_E17K,ERKKTR_ratio,60.0,3,0.01964879999999995,403542,3133585,401595,1947,258,199254,204288,0.1423308942354984,0.11238545582706767,0.02994543840843074,1.2664529692748594,GF_deprived_48h_before_aquisition_FN_(0.25ug/cm2)_coated(air-dried)_96w_plate_25k_per_well_seeded,8,AKT1_E17K
4,9,PIK3CA_E545K,ERKKTR_ratio,60.0,3,0.055869999999999864,322014,1949455,319629,2385,258,122790,199224,0.13729131036729375,0.09133939685981608,0.04595191350747767,1.5030897409800368,GF_deprived_48h_before_aquisition_FN_(0.25ug/cm2)_coated(air-dried)_96w_plate_25k_per_well_seeded,9,PIK3CA_E545K
4,10,PIK3CA_E545K,ERKKTR_ratio,60.0,3,0.051231999999999916,343744,2229930,341243,2501,258,136019,207725,0.1354443129268705,0.08758213984835721,0.0478621730785133,1.5464832574470497,GF_deprived_48h_before_aquisition_FN_(0.25ug/cm2)_coated(air-dried)_96w_plate_25k_per_well_seeded,10,PIK3CA_E545K
4,11,PIK3CA_E545K,ERKKTR_ratio,60.0,3,0.052240000000000064,342969,2219533,340722,2247,258,136591,206378,0.1360338528892826,0.08951535531888088,0.04651849757040172,1.5196705906454675,GF_deprived_48h_before_aquisition_FN_(0.25ug/cm2)_coated(air-dried)_96w_plate_25k_per_well_seeded,11,PIK3CA_E545K
4,12,PIK3CA_E545K,ERKKTR_ratio,60.0,3,0.05428369999999999,322312,1950538,320200,2112,258,112195,210117,0.14610276750300816,0.08461952150468549,0.061483245998322666,1.726584656885802,GF_deprived_48h_before_aquisition_FN_(0.25ug/cm2)_coated(air-dried)_96w_plate_25k_per_well_seeded,12,PIK3CA_E545K
4,13,PIK3CA_H1047R,ERKKTR_ratio,60.0,3,0.15786899999999993,193406,692199,191489,1917,258,36118,157288,0.22692286394595493,0.060303392502924574,0.16661947144303035,3.7630198655067324,GF_deprived_48h_before_aquisition_FN_(0.25ug/cm2)_coated(air-dried)_96w_plate_25k_per_well_seeded,13,PIK3CA_H1047R
4,14,PIK3CA_H1047R,ERKKTR_ratio,60.0,3,0.1678924999999999,188394,653374,186647,1747,258,34139,154255,0.22882919827762968,0.06064633237172215,0.16818286590590753,3.773174556955186,GF_deprived_48h_before_aquisition_FN_(0.25ug/cm2)_coated(air-dried)_96w_plate_25k_per_well_seeded,14,PIK3CA_H1047R
4,15,PIK3CA_H1047R,ERKKTR_ratio,60.0,3,0.18386080000000024,179002,580816,177471,1531,258,30515,148487,0.23729313452400458,0.060517082303501314,0.17677605222050327,3.921093441583115,GF_deprived_48h_before_aquisition_FN_(0.25ug/cm2)_coated(air-dried)_96w_plate_25k_per_well_seeded,15,PIK3CA_H1047R
4,16,PIK3CA_H1047R,ERKKTR_ratio,60.0,3,0.18058150000000003,185508,627511,184002,1506,258,33239,152269,0.23144498931977497,0.06215316315205328,0.1692918261677217,3.723784560305665,GF_deprived_48h_before_aquisition_FN_(0.25ug/cm2)_coated(air-dried)_96w_plate_25k_per_well_seeded,16,PIK3CA_H1047R
4,17,PTEN_del,ERKKTR_ratio,60.0,3,0.06644499999999998,162055,509482,161255,800,258,36663,125392,0.13504077680495322,0.07891253030496363,0.056128246499989584,1.7112716609526726,GF_deprived_48h_before_aquisition_FN_(0.25ug/cm2)_coated(air-dried)_96w_plate_25k_per_well_seeded,17,PTEN_del
4,18,PTEN_del,ERKKTR_ratio,60.0,3,0.07114919999999998,168050,578566,167143,907,258,41752,126298,0.1356102701666986,0.07938367986824811,0.05622659029845049,1.7082890386508778,GF_deprived_48h_before_aquisition_FN_(0.25ug/cm2)_coated(air-dried)_96w_plate_25k_per_well_seeded,18,PTEN_del
4,19,PTEN_del,ERKKTR_ratio,60.0,3,0.06965420000000005,140518,392382,139794,724,258,28587,111931,0.1353062580893413,0.08020119537929617,0.05510506271004513,1.6870853040211722,GF_deprived_48h_before_aquisition_FN_(0.25ug/cm2)_coated(air-dried)_96w_plate_25k_per_well_seeded,19,PTEN_del
4,20,PTEN_del,ERKKTR_ratio,60.0,3,0.077179,132683,378523,132010,673,258,27986,104697,0.12745658543557492,0.08192211811226682,0.0455344673233081,1.5558262941994156,GF_deprived_48h_before_aquisition_FN_(0.25ug/cm2)_coated(air-dried)_96w_plate_25k_per_well_seeded,20,PTEN_del
5,1,WT,ERKKTR_ratio,60.0,3,0.046682999999999975,391640,2934020,389696,1944,258,171837,219803,0.12610206183767175,0.07594527827190711,0.05015678356576464,1.6604332054217796,GF_deprived_48h_before_aquisition_FN_(0.25ug/cm2)_coated(air-dried)_96w_plate_25k_per_well_seeded,1,WT
5,2,WT,ERKKTR_ratio,60.0,3,0.06308000000000002,401605,3094386,399622,1983,258,169988,231617,0.13479186766124668,0.0737381107604364,0.061053756900810274,1.8279810300424484,GF_deprived_48h_before_aquisition_FN_(0.25ug/cm2)_coated(air-dried)_96w_plate_25k_per_well_seeded,2,WT
5,3,WT,ERKKTR_ratio,60.0,3,0.04586970000000005,366242,2549788,364488,1754,258,152748,213494,0.131451802969597,0.07640495751637048,0.05504684545322651,1.7204616983319727,GF_deprived_48h_before_aquisition_FN_(0.25ug/cm2)_coated(air-dried)_96w_plate_25k_per_well_seeded,3,WT
5,4,WT,ERKKTR_ratio,60.0,3,0.05217310000000008,340710,2172960,339045,1665,258,124716,215994,0.13058468841207224,0.0729279517023621,0.05765673670971014,1.7905986026458311,GF_deprived_48h_before_aquisition_FN_(0.25ug/cm2)_coated(air-dried)_96w_plate_25k_per_well_seeded,4,WT
5,6,AKT1_E17K,ERKKTR_ratio,60.0,3,0.01978439999999998,437409,3693628,435432,1977,258,207856,229553,0.1603177199599723,0.08610647649998039,0.0742112434599919,1.8618543746823597,GF_deprived_48h_before_aquisition_FN_(0.25ug/cm2)_coated(air-dried)_96w_plate_25k_per_well_seeded,6,AKT1_E17K
5,7,AKT1_E17K,ERKKTR_ratio,60.0,3,0.024041300000000005,476471,4431438,474289,2182,258,227666,248805,0.15481890137306406,0.06949619179678865,0.08532270957627541,2.227732158702516,GF_deprived_48h_before_aquisition_FN_(0.25ug/cm2)_coated(air-dried)_96w_plate_25k_per_well_seeded,7,AKT1_E17K
5,8,AKT1_E17K,ERKKTR_ratio,60.0,3,0.02062799999999998,440774,3786785,438774,2000,258,218787,221987,0.1495609885413667,0.09323518944803073,0.056325799093335974,1.6041259681756956,GF_deprived_48h_before_aquisition_FN_(0.25ug/cm2)_coated(air-dried)_96w_plate_25k_per_well_seeded,8,AKT1_E17K
5,9,PIK3CA_E545K,ERKKTR_ratio,60.0,3,0.05000740000000003,406733,3177843,403943,2790,258,180417,226316,0.1476357549454874,0.08833224341186659,0.059303511533620804,1.671368791768442,GF_deprived_48h_before_aquisition_FN_(0.25ug/cm2)_coated(air-dried)_96w_plate_25k_per_well_seeded,9,PIK3CA_E545K
5,10,PIK3CA_E545K,ERKKTR_ratio,60.0,3,0.04363300000000003,397857,3045650,395312,2545,258,181388,216469,0.1564987761042627,0.08732428199880814,0.06917449410545455,1.7921564600599715,GF_deprived_48h_before_aquisition_FN_(0.25ug/cm2)_coated(air-dried)_96w_plate_25k_per_well_seeded,10,PIK3CA_E545K
5,11,PIK3CA_E545K,ERKKTR_ratio,60.0,3,0.058942800000000045,452890,4080369,449493,3397,258,228211,224679,0.152836629259764,0.08389747150378984,0.06893915775597415,1.8217072162044836,GF_deprived_48h_before_aquisition_FN_(0.25ug/cm2)_coated(air-dried)_96w_plate_25k_per_well_seeded,11,PIK3CA_E545K
5,12,PIK3CA_E545K,ERKKTR_ratio,60.0,3,0.04783920000000005,362486,2528251,360067,2419,258,146694,215792,0.15693893410773446,0.08126807295914584,0.07567086114858862,1.931126559216299,GF_deprived_48h_before_aquisition_FN_(0.25ug/cm2)_coated(air-dried)_96w_plate_25k_per_well_seeded,12,PIK3CA_E545K
5,13,PIK3CA_H1047R,ERKKTR_ratio,60.0,3,0.09081150000000004,201320,744776,199907,1413,258,43114,158206,0.19235051259451685,0.06887222987750148,0.12347828271701537,2.7928602418803354,GF_deprived_48h_before_aquisition_FN_(0.25ug/cm2)_coated(air-dried)_96w_plate_25k_per_well_seeded,13,PIK3CA_H1047R
5,14,PIK3CA_H1047R,ERKKTR_ratio,60.0,3,0.10048299999999995,211882,817357,210203,1679,258,48384,163498,0.1871279761904762,0.07105897319844891,0.11606900299202728,2.6334179593037077,GF_deprived_48h_before_aquisition_FN_(0.25ug/cm2)_coated(air-dried)_96w_plate_25k_per_well_seeded,14,PIK3CA_H1047R
5,15,PIK3CA_H1047R,ERKKTR_ratio,60.0,3,0.11866350000000009,206039,775792,204231,1808,258,43945,162094,0.19244510183183525,0.0681456438856466,0.12429945794618864,2.824026465356645,GF_deprived_48h_before_aquisition_FN_(0.25ug/cm2)_coated(air-dried)_96w_plate_25k_per_well_seeded,15,PIK3CA_H1047R
5,16,PIK3CA_H1047R,ERKKTR_ratio,60.0,3,0.10547180000000002,207961,802772,206128,1833,258,48149,159812,0.18640054829799166,0.07323605236152479,0.11316449593646687,2.5452020185063775,GF_deprived_48h_before_aquisition_FN_(0.25ug/cm2)_coated(air-dried)_96w_plate_25k_per_well_seeded,16,PIK3CA_H1047R
5,17,PTEN_del,ERKKTR_ratio,60.0,3,0.08134000000000016,284402,1524107,282809,1593,258,98584,185818,0.12600421975168385,0.08972220129373903,0.03628201845794482,1.4043817241973602,GF_deprived_48h_before_aquisition_FN_(0.25ug/cm2)_coated(air-dried)_96w_plate_25k_per_well_seeded,17,PTEN_del
5,18,PTEN_del,ERKKTR_ratio,60.0,3,0.08065800000000013,279271,1470499,277672,1599,258,94456,184815,0.13045227407470145,0.0871303736168601,0.043321900457841345,1.4972077894253213,GF_deprived_48h_before_aquisition_FN_(0.25ug/cm2)_coated(air-dried)_96w_plate_25k_per_well_seeded,18,PTEN_del
5,20,PTEN_del,ERKKTR_ratio,60.0,3,0.06817349999999989,325717,2025409,324048,1669,258,125871,199846,0.1274320534515496,0.08791769662640234,0.03951435682514726,1.449447134551985,GF_deprived_48h_before_aquisition_FN_(0.25ug/cm2)_coated(air-dried)_96w_plate_25k_per_well_seeded,20,PTEN_del
6,1,WT,ERKKTR_ratio,60.0,3,0.06081600000000009,249871,1186880,248674,1197,258,77238,172633,0.1297936248996608,0.07273232811803074,0.05706129678163005,1.784538296217198,GF_deprived_48h_before_aquisition_FN_(0.25ug/cm2)_coated(air-dried)_96w_plate_25k_per_well_seeded,1,WT
6,2,WT,ERKKTR_ratio,60.0,3,0.04330899999999993,292522,1612541,291152,1370,258,103629,188893,0.13315770681951963,0.07675774115504545,0.05639996566447418,1.7347788615945596,GF_deprived_48h_before_aquisition_FN_(0.25ug/cm2)_coated(air-dried)_96w_plate_25k_per_well_seeded,2,WT
6,3,WT,ERKKTR_ratio,60.0,3,0.049485200000000035,284116,1515115,282793,1323,258,99198,184918,0.13814794653118007,0.07493050973945208,0.06321743679172799,1.8436808585921447,GF_deprived_48h_before_aquisition_FN_(0.25ug/cm2)_coated(air-dried)_96w_plate_25k_per_well_seeded,3,WT
6,4,WT,ERKKTR_ratio,60.0,3,0.04720000000000013,318206,1917620,316657,1549,258,122260,195946,0.1325126778995583,0.07872066793912609,0.05379200996043222,1.6833276618286452,GF_deprived_48h_before_aquisition_FN_(0.25ug/cm2)_coated(air-dried)_96w_plate_25k_per_well_seeded,4,WT
6,5,AKT1_E17K,ERKKTR_ratio,60.0,3,0.021833600000000015,486018,4612961,483938,2080,258,264896,221122,0.14698976201981154,0.10302909705954179,0.04396066496026975,1.4266820365790873,GF_deprived_48h_before_aquisition_FN_(0.25ug/cm2)_coated(air-dried)_96w_plate_25k_per_well_seeded,5,AKT1_E17K
6,6,AKT1_E17K,ERKKTR_ratio,60.0,3,0.01984360000000001,415558,3316900,413769,1789,258,210473,205085,0.14770540639416932,0.11339200819172539,0.03431339820244393,1.3026086119263907,GF_deprived_48h_before_aquisition_FN_(0.25ug/cm2)_coated(air-dried)_96w_plate_25k_per_well_seeded,6,AKT1_E17K
6,7,AKT1_E17K,ERKKTR_ratio,60.0,3,0.022899899999999924,543204,5691873,540745,2459,258,309834,233370,0.14809865928206717,0.0963148648069589,0.051783794475108266,1.5376511152135968,GF_deprived_48h_before_aquisition_FN_(0.25ug/cm2)_coated(air-dried)_96w_plate_25k_per_well_seeded,7,AKT1_E17K
6,8,AKT1_E17K,ERKKTR_ratio,60.0,3,0.021701600000000043,450391,3883648,448413,1978,258,229327,221064,0.1507410815124255,0.10367585857489234,0.04706522293753315,1.4539651138122445,GF_deprived_48h_before_aquisition_FN_(0.25ug/cm2)_coated(air-dried)_96w_plate_25k_per_well_seeded,8,AKT1_E17K
6,9,PIK3CA_E545K,ERKKTR_ratio,60.0,3,0.05310199999999998,359571,2472873,357298,2273,258,137279,222292,0.14803429512161365,0.08901354974537995,0.059020745376233696,1.6630534962942205,GF_deprived_48h_before_aquisition_FN_(0.25ug/cm2)_coated(air-dried)_96w_plate_25k_per_well_seeded,9,PIK3CA_E545K
6,10,PIK3CA_E545K,ERKKTR_ratio,60.0,3,0.05140139999999999,352780,2397174,350586,2194,258,136461,216319,0.15465957306483172,0.08726926437344847,0.06739030869138325,1.7722112610346084,GF_deprived_48h_before_aquisition_FN_(0.25ug/cm2)_coated(air-dried)_96w_plate_25k_per_well_seeded,10,PIK3CA_E545K
6,11,PIK3CA_E545K,ERKKTR_ratio,60.0,3,0.05372460000000002,377309,2767397,374859,2450,258,151677,225632,0.14566480085972164,0.08816125372287618,0.057503547136845454,1.6522541900050631,GF_deprived_48h_before_aquisition_FN_(0.25ug/cm2)_coated(air-dried)_96w_plate_25k_per_well_seeded,11,PIK3CA_E545K
6,12,PIK3CA_E545K,ERKKTR_ratio,60.0,3,0.05157450000000008,336184,2170408,334190,1994,258,119444,216740,0.1486972974783162,0.08184460644089693,0.06685269103741927,1.816824638110956,GF_deprived_48h_before_aquisition_FN_(0.25ug/cm2)_coated(air-dried)_96w_plate_25k_per_well_seeded,12,PIK3CA_E545K
6,13,PIK3CA_H1047R,ERKKTR_ratio,60.0,3,0.16452999999999987,206242,800139,204452,1790,258,40916,165326,0.2368022289568873,0.05963974208533443,0.17716248687155287,3.9705441485320843,GF_deprived_48h_before_aquisition_FN_(0.25ug/cm2)_coated(air-dried)_96w_plate_25k_per_well_seeded,13,PIK3CA_H1047R
6,14,PIK3CA_H1047R,ERKKTR_ratio,60.0,3,0.16769299999999995,180948,607606,179617,1331,258,32809,148139,0.22768142887622297,0.06466224289349867,0.1630191859827243,3.52108771190049,GF_deprived_48h_before_aquisition_FN_(0.25ug/cm2)_coated(air-dried)_96w_plate_25k_per_well_seeded,14,PIK3CA_H1047R
6,15,PIK3CA_H1047R,ERKKTR_ratio,60.0,3,0.1571720000000001,193447,680904,192203,1244,258,34578,158869,0.2497541789577188,0.05580698562966973,0.19394719332804905,4.475321075663639,GF_deprived_48h_before_aquisition_FN_(0.25ug/cm2)_coated(air-dried)_96w_plate_25k_per_well_seeded,15,PIK3CA_H1047R
6,16,PIK3CA_H1047R,ERKKTR_ratio,60.0,3,0.1369020000000001,215604,869122,213877,1727,258,47130,168474,0.20827498408656905,0.06287617080380356,0.1453988132827655,3.3124629159823122,GF_deprived_48h_before_aquisition_FN_(0.25ug/cm2)_coated(air-dried)_96w_plate_25k_per_well_seeded,16,PIK3CA_H1047R
6,17,PTEN_del,ERKKTR_ratio,60.0,3,0.06450540000000002,297626,1694129,296108,1518,258,108856,188770,0.1232178290585728,0.08422948561741803,0.038988343441154774,1.4628823642381628,GF_deprived_48h_before_aquisition_FN_(0.25ug/cm2)_coated(air-dried)_96w_plate_25k_per_well_seeded,17,PTEN_del
6,18,PTEN_del,ERKKTR_ratio,60.0,3,0.07859909999999998,263064,1346879,261625,1439,258,86682,176382,0.11847903832398883,0.08692496966810673,0.0315540686558821,1.363003504934894,GF_deprived_48h_before_aquisition_FN_(0.25ug/cm2)_coated(air-dried)_96w_plate_25k_per_well_seeded,18,PTEN_del
6,19,PTEN_del,ERKKTR_ratio,60.0,3,0.07729759999999995,260801,1336441,259272,1529,258,87147,173654,0.11867304669122287,0.08792195975906113,0.030751086932161747,1.3497543391483897,GF_deprived_48h_before_aquisition_FN_(0.25ug/cm2)_coated(air-dried)_96w_plate_25k_per_well_seeded,19,PTEN_del
6,20,PTEN_del,ERKKTR_ratio,60.0,3,0.07062000000000013,281048,1515488,279633,1415,258,96157,184891,0.1166945724180247,0.08421718742394167,0.03247738499408302,1.385638442549676,GF_deprived_48h_before_aquisition_FN_(0.25ug/cm2)_coated(air-dried)_96w_plate_25k_per_well_seeded,20,PTEN_del
6,21,PTEN_del,ERKKTR_ratio,60.0,3,0.0645306,199575,770048,198611,964,258,53732,145843,0.13061118141889377,0.08172486852300076,0.048886312895893014,1.5981816034630192,GF_deprived_48h_before_aquisition_FN_(0.25ug/cm2)_coated(air-dried)_96w_plate_25k_per_well_seeded,21,PTEN_del
6,22,PTEN_del,ERKKTR_ratio,60.0,3,0.07680800000000006,133887,369683,133262,625,258,27941,105946,0.1380766615368097,0.07816246012119382,0.059914201415615875,1.7665342329644775,GF_deprived_48h_before_aquisition_FN_(0.25ug/cm2)_coated(air-dried)_96w_plate_25k_per_well_seeded,22,PTEN_del
6,23,PTEN_del,ERKKTR_ratio,60.0,3,0.06606999999999996,165260,555338,164365,895,258,40431,124829,0.13180480324503474,0.08290541460718262,0.04889938863785212,1.5898214111773545,GF_deprived_48h_before_aquisition_FN_(0.25ug/cm2)_coated(air-dried)_96w_plate_25k_per_well_seeded,23,PTEN_del
6,24,PTEN_del,ERKKTR_ratio,60.0,3,0.07396999999999995,169225,567053,168313,912,258,41092,128133,0.13048768616762388,0.08370989518703223,0.04677779098059165,1.5588083807305753,GF_deprived_48h_before_aquisition_FN_(0.25ug/cm2)_coated(air-dried)_96w_plate_25k_per_well_seeded,24,PTEN_del
